taxid	binomial	policy_class	clade_name	source	accession	assembly_level	annotation_status	est_protein_count	submission_date	contig_n50	total_length_bp
6511	Dolabella auricularia	heterobranchia	Heterobranchia	GenBank	GCA_982957055.1	Chromosome		0		603969	1170037518
6535	Cornu aspersum	heterobranchia	Heterobranchia	GenBank	GCA_964187895.1	Chromosome		0		1303995	2908448789
28835	Cepaea nemoralis	heterobranchia	Heterobranchia	GenBank	GCA_964166675.2	Chromosome		0		651301	3270717112
36933	Onchidella celtica	heterobranchia	Heterobranchia	GenBank	GCA_963931925.1	Chromosome		0		1962700	1141015970
45985	Arianta arbustorum	heterobranchia	Heterobranchia	GenBank	GCA_973947135.1	Chromosome		0		1409077	2641094562
55810	Bulinus truncatus	heterobranchia	Heterobranchia	GenBank	GCA_021962125.1	Scaffold		26279		234305	1221776979
57642	Siphonaria pectinata	heterobranchia	Heterobranchia	GenBank	GCA_978134735.1	Chromosome		0		1866751	817401451
69427	Albinaria teres	heterobranchia	Heterobranchia	GenBank	GCA_964271275.2	Chromosome		0		7880036	1710602076
69553	Bullina lineata	heterobranchia	Heterobranchia	GenBank	GCA_039654405.1	Scaffold		0		2243	654185262
71288	Ancula gibbosa	heterobranchia	Heterobranchia	GenBank	GCA_031833985.1	Scaffold		0		1728	638039246
71319	Limacia clavigera	heterobranchia	Heterobranchia	GenBank	GCA_977872505.1	Chromosome		0		482265	1351402326
71516	Clione limacina	heterobranchia	Heterobranchia	GenBank	GCA_032362205.1	Scaffold		0		3345	1262273510
76178	Melibe leonina	heterobranchia	Heterobranchia	GenBank	GCA_031471865.1	Scaffold		0		2931	565344392
87841	Euhadra peliomphala	heterobranchia	Heterobranchia	GenBank	GCA_040496235.1	Scaffold		0		571	1435807335
87850	Mandarina hirasei	heterobranchia	Heterobranchia	GenBank	GCA_040496215.1	Scaffold		0		575	1305687384
87854	Mandarina suenoae	heterobranchia	Heterobranchia	GenBank	GCA_040496255.1	Scaffold		0		535	1352920210
97200	Cepaea hortensis	heterobranchia	Heterobranchia	GenBank	GCA_963921405.1	Chromosome		0		1208264	3168990361
112527	Biomphalaria sudanica	heterobranchia	Heterobranchia	GenBank	GCA_036873155.1	Scaffold		0		978061	944194633
114759	Phyllaplysia taylori	heterobranchia	Heterobranchia	GenBank	GCA_032273245.1	Scaffold		0		3479	806246940
120394	Peltodoris atromaculata	heterobranchia	Heterobranchia	GenBank	GCA_965112245.2	Chromosome		0		1427876	1335750715
145626	Bradybaena similaris	heterobranchia	Heterobranchia	GenBank	GCA_050415755.1	Chromosome		29227		17198119	2289373504
147581	Deroceras laeve	heterobranchia	Heterobranchia	GenBank	GCA_051403575.1	Chromosome		0		1583774	1783141715
154625	Elysia timida	heterobranchia	Heterobranchia	GenBank	GCA_043644045.1	Chromosome		0		1920000	754417147
154630	Thuridilla hopei	heterobranchia	Heterobranchia	GenBank	GCA_965242825.1	Chromosome		0		1039305	1076169729
154632	Tylodina perversa	heterobranchia	Heterobranchia	GenBank	GCA_977019725.1	Chromosome		0		3565190	1541970296
154642	Cratena peregrina	heterobranchia	Heterobranchia	GenBank	GCA_975085575.1	Chromosome		0		12254148	795812008
154647	Marionia blainvillea	heterobranchia	Heterobranchia	GenBank	GCA_965362205.1	Chromosome		0		1347335	1257981301
161078	Omphiscola glabra	heterobranchia	Heterobranchia	GenBank	GCA_964017045.1	Chromosome		0		3669713	744783700
190912	Dendrodoris denisoni	heterobranchia	Heterobranchia	GenBank	GCA_056523665.1	Scaffold		0		1954	748767013
191775	Bulinus ugandae	heterobranchia	Heterobranchia	GenBank	GCA_057383705.1	Contig		29133		6863688	1197570150
195873	Aeolidia papillosa	heterobranchia	Heterobranchia	GenBank	GCA_032466315.1	Scaffold		0		273	166752208
205593	Hermissenda crassicornis	heterobranchia	Heterobranchia	GenBank	GCA_031471375.1	Scaffold		0		1549	482625898
225457	Polymita picta	heterobranchia	Heterobranchia	GenBank	GCA_051020465.1	Scaffold		0		82728	1848778765
225476	Hygromia cinctella	heterobranchia	Heterobranchia	GenBank	GCA_974392715.2	Chromosome		0		222033	1432880999
231223	Elysia crispata	heterobranchia	Heterobranchia	GenBank	GCA_033675545.1	Contig		67429		458731	786336081
259632	Hydatina physis	heterobranchia	Heterobranchia	GenBank	GCA_040966635.1	Scaffold		0		2074	779952995
265994	Monacha cantiana	heterobranchia	Heterobranchia	GenBank	GCA_964261925.1	Chromosome		0		941584	2063343632
271027	Armiger crista	heterobranchia	Heterobranchia	GenBank	GCA_056783845.1	Scaffold		0		8336	755554428
318265	Meghimatium bilineatum	heterobranchia	Heterobranchia	GenBank	GCA_034231615.1	Chromosome		0		1358026	1612388812
329893	Dirona picta	heterobranchia	Heterobranchia	GenBank	GCA_056523585.1	Scaffold		0		2749	535689827
380556	Elysia papillosa	heterobranchia	Heterobranchia	GenBank	GCA_977015215.2	Contig		0		629667	1023596221
380564	Costasiella ocellifera	heterobranchia	Heterobranchia	GenBank	GCA_978018115.1	Chromosome		0		51000	638908995
460703	Glossodoris hikuerensis	heterobranchia	Heterobranchia	GenBank	GCA_977927305.1	Chromosome		0		8165290	2506344627
499938	Melibe viridis	heterobranchia	Heterobranchia	GenBank	GCA_039654465.1	Scaffold		0		2273	805869450
500109	Peronia verruculata	heterobranchia	Heterobranchia	GenBank	GCA_038406235.1	Scaffold		0		4825	1211529371
763122	Dirona albolineata	heterobranchia	Heterobranchia	GenBank	GCA_031763155.1	Scaffold		0		3229	522790490
763133	Tritonia festiva	heterobranchia	Heterobranchia	GenBank	GCA_030265255.1	Scaffold		0		1418	908035819
797219	Dendronotus venustus	heterobranchia	Heterobranchia	GenBank	GCA_031834005.1	Scaffold		0		1832	680167874
797262	Scyllaea pelagica	heterobranchia	Heterobranchia	GenBank	GCA_031833965.1	Scaffold		0		2442	646912406
869964	Phyllodesmium magnum	heterobranchia	Heterobranchia	GenBank	GCA_056904015.1	Scaffold		0		2388	34020019
869965	Phyllodesmium colemani	heterobranchia	Heterobranchia	GenBank	GCA_056903995.1	Scaffold		0		2439	49750174
869970	Phyllodesmium koehleri	heterobranchia	Heterobranchia	GenBank	GCA_056904055.1	Scaffold		0		2640	74480403
869980	Nemesignis banyulensis	heterobranchia	Heterobranchia	GenBank	GCA_965263765.1	Chromosome		0		1370689	651286936
872509	Tylodina fungina	heterobranchia	Heterobranchia	GenBank	GCA_031762815.1	Scaffold		0		2143	674588215
904360	Dendronotus rufus	heterobranchia	Heterobranchia	GenBank	GCA_032358575.1	Scaffold		0		2254	466668337
929453	Spurilla neapolitana	heterobranchia	Heterobranchia	GenBank	GCA_056592395.1	Scaffold		0		3227	747065164
934979	Pruvotfolia pselliotes	heterobranchia	Heterobranchia	GenBank	GCA_981328385.1	Chromosome		0		31238996	1103536993
999236	Peronia peronii	heterobranchia	Heterobranchia	GenBank	GCA_039654565.1	Scaffold		0		4616	1306781825
1154712	Anteaeolidiella chromosoma	heterobranchia	Heterobranchia	GenBank	GCA_056523245.1	Scaffold		0		635	62179785
1154738	Glaucilla marginata	heterobranchia	Heterobranchia	GenBank	GCA_056592615.1	Scaffold		0		2134	816105240
1170240	Bornella anguilla	heterobranchia	Heterobranchia	GenBank	GCA_040967035.1	Scaffold		0		2684	1060844557
1170244	Lomanotus vermiformis	heterobranchia	Heterobranchia	GenBank	GCA_037974715.1	Scaffold		0		1394	898643329
1200667	Doris verrucosa	heterobranchia	Heterobranchia	GenBank	GCA_977009135.2	Chromosome		0		5756812	1223396792
1230023	Cattania trizona	heterobranchia	Heterobranchia	GenBank	GCA_982297885.1	Scaffold		0		112113	2627864951
1265871	Doris montereyensis	heterobranchia	Heterobranchia	GenBank	GCA_037039925.1	Scaffold		0		237151	520284697
1287507	Berghia stephanieae	heterobranchia	Heterobranchia	RefSeq	GCF_034508935.2	Chromosome	Full annotation	21225		604219	1120414447
1288050	Bulbaeolidia alba	heterobranchia	Heterobranchia	GenBank	GCA_056523445.1	Scaffold		0		681	102921924
1298703	Plocamopherus imperialis	heterobranchia	Heterobranchia	GenBank	GCA_039654505.1	Scaffold		0		2665	764770046
1298704	Plocamopherus tilesii	heterobranchia	Heterobranchia	GenBank	GCA_037974505.1	Scaffold		0		2080	801631259
1323128	Limacina bulimoides	heterobranchia	Heterobranchia	GenBank	GCA_009866985.1	Scaffold		0		884	2901930333
1325891	Favorinus blianus	heterobranchia	Heterobranchia	GenBank	GCA_981562355.1	Chromosome		0		308223	839630212
1421124	Gastropteron pacificum	heterobranchia	Heterobranchia	GenBank	GCA_031471215.1	Scaffold		0		2448	549124366
1449875	Spurilla braziliana	heterobranchia	Heterobranchia	GenBank	GCA_056592375.1	Scaffold		0		4399	768598462
1499118	Felimida luteorosea	heterobranchia	Heterobranchia	GenBank	GCA_965183745.2	Chromosome		0		3206423	1547746039
1522334	Elysia leucolegnote	heterobranchia	Heterobranchia	GenBank	GCA_052815195.1	Chromosome		0		1154	776755396
1564611	Felimare picta	heterobranchia	Heterobranchia	GenBank	GCA_964659555.1	Chromosome		0		3760560	1434850509
1628040	Ellobium chinense	heterobranchia	Heterobranchia	GenBank	GCA_033807755.1	Scaffold		0		21266	949470026
1676591	Tritonia hombergii	heterobranchia	Heterobranchia	GenBank	GCA_977118315.1	Chromosome		0		784129	1610910025
1677693	Doris pseudoargus	heterobranchia	Heterobranchia	GenBank	GCA_973376685.1	Chromosome		0		2482702	1580279066
1707715	Doriopsilla bertschi	heterobranchia	Heterobranchia	GenBank	GCA_056523625.1	Scaffold		0		2725	671623784
1707717	Doriopsilla fulva	heterobranchia	Heterobranchia	GenBank	GCA_056592535.1	Scaffold		0		1987	981978522
1707725	Plocamopherus ceylonicus	heterobranchia	Heterobranchia	GenBank	GCA_039654545.1	Scaffold		0		2010	1093900571
1747752	Xerocrassa montserratensis	heterobranchia	Heterobranchia	GenBank	GCA_978160285.1	Chromosome		0		4095416	1940274384
1840525	Hermissenda opalescens	heterobranchia	Heterobranchia	GenBank	GCA_056592655.1	Scaffold		0		3867	615273588
1962979	Oreohelix subrudis	heterobranchia	Heterobranchia	GenBank	GCA_049997775.1	Contig		0		111833	2582580476
1980904	Metafruticicola noverca	heterobranchia	Heterobranchia	GenBank	GCA_965283255.2	Chromosome		0		1270493	1752025557
2049525	Aegires albopunctatus	heterobranchia	Heterobranchia	GenBank	GCA_032466395.1	Scaffold		0		3666	684506045
2067768	Ariolimax columbianus	heterobranchia	Heterobranchia	GenBank	GCA_036924085.1	Scaffold		0		3670449	2294312288
2483392	Flabellinopsis iodinea	heterobranchia	Heterobranchia	GenBank	GCA_056592575.1	Scaffold		0		2954	700539562
2496851	Halgerda indotessellata	heterobranchia	Heterobranchia	GenBank	GCA_056593295.1	Scaffold		0		1480	1094045699
2496858	Halgerda wasinensis	heterobranchia	Heterobranchia	GenBank	GCA_056593275.1	Scaffold		0		2119	1018581987
2496859	Halgerda dichromis	heterobranchia	Heterobranchia	GenBank	GCA_056592555.1	Scaffold		0		2954	829674849
2510888	Bullacta caurina	heterobranchia	Heterobranchia	GenBank	GCA_051558385.1	Chromosome		0		4458732	866471213
2605667	Achatina immaculata	heterobranchia	Heterobranchia	GenBank	GCA_009760885.1	Chromosome		0		3802429	1653153977
2695323	Tylodina rafinesquii	heterobranchia	Heterobranchia	GenBank	GCA_978679055.1	Chromosome		0		1651666	1510502747
2742875	Daudebardia rufa	heterobranchia	Heterobranchia	GenBank	GCA_965653185.1	Chromosome		0		598689	2071564095
2747510	Peronia okinawensis	heterobranchia	Heterobranchia	GenBank	GCA_040966895.1	Scaffold		0		3730	1269498014
2747511	Peronia setoensis	heterobranchia	Heterobranchia	GenBank	GCA_040966875.1	Scaffold		0		4608	1236193938
2751870	Arion ater rufus	heterobranchia	Heterobranchia	GenBank	GCA_032362185.1	Scaffold		0		2382	1081573424
2831224	Micromelo scriptus	heterobranchia	Heterobranchia	GenBank	GCA_040966915.1	Scaffold		0		1630	818066392
2879371	Phyllidia marindica	heterobranchia	Heterobranchia	GenBank	GCA_056593215.1	Contig		0		3279	950056796
2887373	Helminthoglypta traskii	heterobranchia	Heterobranchia	GenBank	GCA_042920045.1	Scaffold		0		406568	2123852462
2934182	Phyllidia flava	heterobranchia	Heterobranchia	GenBank	GCA_964266695.1	Chromosome		0		2379035	1900507057
3034287	Deroceras lasithionense	heterobranchia	Heterobranchia	GenBank	GCA_964271515.3	Chromosome		0		2037218	1318321416
3035712	Corambe burchi	heterobranchia	Heterobranchia	GenBank	GCA_031762895.1	Scaffold		0		2307	805281813
3043778	Hyalogyrina grasslei	heterobranchia	Heterobranchia	GenBank	GCA_034780735.1	Scaffold		0		331	461935457
3061061	Megaustenia siamemsis	heterobranchia	Heterobranchia	GenBank	GCA_032433765.1	Scaffold		0		1785144	2591266008
3071549	Anisus vorticulus	heterobranchia	Heterobranchia	GenBank	GCA_964264155.1	Chromosome		0		2352869	1043023846
3073908	Indrella ampulla	heterobranchia	Heterobranchia	GenBank	GCA_052818635.1	Scaffold		0		576600	1982309182
3076427	Meledella werneri	heterobranchia	Heterobranchia	GenBank	GCA_977872495.1	Chromosome		0		3893402	2861714789
3082984	Hydatina amplustre	heterobranchia	Heterobranchia	GenBank	GCA_040966615.1	Scaffold		0		3239	703981140
3105997	Mandarina tomiyamai	heterobranchia	Heterobranchia	GenBank	GCA_040496195.1	Scaffold		0		616	1355525506
3115407	Melibe bucephala	heterobranchia	Heterobranchia	GenBank	GCA_039654525.1	Scaffold		0		2278	834547682
3211865	Poecilozonites bermudensis	heterobranchia	Heterobranchia	GenBank	GCA_053573765.1	Chromosome		0		138507	1355784518
6494	Conus textile	other_mollusca	Caenogastropoda	GenBank	GCA_055473965.1	Chromosome		0		188487	3351847729
6551	Mytilus trossulus	other_mollusca	Bivalvia	RefSeq	GCF_036588685.1	Chromosome	Full annotation	34235		4973962	1298571991
6610	Sepia officinalis	other_mollusca	Cephalopoda	GenBank	GCA_964300435.1	Chromosome		0		2020660	5752151390
12928	Alviniconcha hessleri	other_mollusca	Caenogastropoda	GenBank	GCA_965642515.1	Chromosome		0		70926	481719669
12966	Bathymodiolus thermophilus	other_mollusca	Bivalvia	GenBank	GCA_971856555.1	Chromosome		0		2931286	1832514932
13016	Codakia orbicularis	other_mollusca	Bivalvia	GenBank	GCA_977930555.1	Chromosome		0		51581000	1729527016
31199	Argopecten irradians	other_mollusca	Bivalvia	RefSeq	GCF_041381155.1	Chromosome	Full annotation	25634		3547744	845889701
31202	Spisula subtruncata	other_mollusca	Bivalvia	GenBank	GCA_963678985.1	Chromosome		0		3953165	930842501
31210	Acanthosepion esculentum	other_mollusca	Cephalopoda	GenBank	GCA_964036315.1	Chromosome		0		1721682	5142313129
31216	Littorina littorea	other_mollusca	Caenogastropoda	GenBank	GCA_964330335.1	Chromosome		0		169519	849613989
31218	Littorina obtusata	other_mollusca	Caenogastropoda	GenBank	GCA_965235085.1	Chromosome		0		326000	1077495798
31220	Littorina saxatilis	other_mollusca	Caenogastropoda	RefSeq	GCF_037325665.1	Chromosome	Full annotation	27788		270961	1256192465
34570	Sepioteuthis lessoniana	other_mollusca	Cephalopoda	GenBank	GCA_963585895.1	Chromosome		0		657215	5056232740
34576	Nautilus macromphalus	other_mollusca	Cephalopoda	GenBank	GCA_976954165.2	Chromosome		0		20336530	949282482
36099	Haliotis ovina	other_mollusca	Vetigastropoda	GenBank	GCA_977061855.1	Chromosome		0		19998011	1295767206
36103	Haliotis tuberculata	other_mollusca	Vetigastropoda	GenBank	GCA_965183735.2	Chromosome		0		23232335	1357147226
37643	Crassostrea rhizophorae	other_mollusca	Bivalvia	GenBank	GCA_977013615.1	Chromosome		0		8143000	508242776
40130	Donax trunculus	other_mollusca	Bivalvia	GenBank	GCA_964273945.3	Chromosome		0		19973170	1578539939
43341	Phorcus turbinatus	other_mollusca	Vetigastropoda	GenBank	GCA_965237135.1	Chromosome		0		50589882	951685553
44597	Arca noae	other_mollusca	Bivalvia	GenBank	GCA_964261245.2	Chromosome		0		20465118	1495912614
45748	Littorina brevicula	other_mollusca	Caenogastropoda	GenBank	GCA_043748665.1	Chromosome		0		78940	678469528
49198	Atrina pectinata	other_mollusca	Bivalvia	GenBank	GCA_045489415.1	Chromosome		0		5288518	951196948
50417	Mimachlamys varia	other_mollusca	Bivalvia	GenBank	GCA_947623455.1	Chromosome		0		19361000	975359695
55715	Venus verrucosa	other_mollusca	Bivalvia	GenBank	GCA_964200665.2	Chromosome		0		15529060	2087848406
55720	Uroteuthis edulis	other_mollusca	Cephalopoda	GenBank	GCA_965641475.1	Chromosome		0		802163	4234062252
56141	Oncomelania hupensis	other_mollusca	Caenogastropoda	GenBank	GCA_036898135.1	Chromosome		0		1346093	1449858197
61751	Thysanoteuthis rhombus	other_mollusca	Cephalopoda	GenBank	GCA_963457665.1	Chromosome		0		2764709	2735858501
66828	Isognomon alatus	other_mollusca	Bivalvia	GenBank	GCA_977066705.1	Chromosome		0		13403000	669218457
70192	Sepiola affinis	other_mollusca	Cephalopoda	GenBank	GCA_964339045.1	Chromosome		0		2285831	5452604274
70193	Sepiola atlantica	other_mollusca	Cephalopoda	GenBank	GCA_963556195.1	Chromosome		0		3845630	5586413499
75124	Cypraea tigris	other_mollusca	Caenogastropoda	GenBank	GCA_977966385.1	Chromosome		0		8957251	1545364487
75126	Marisa cornuarietis	other_mollusca	Caenogastropoda	GenBank	GCA_050626395.1	Chromosome		0		26179417	539647188
78549	Callista chione	other_mollusca	Bivalvia	GenBank	GCA_964377925.1	Chromosome		0		22152544	1937186266
80831	Tridacna derasa	other_mollusca	Bivalvia	GenBank	GCA_963210305.1	Chromosome		0		4700035	1060226362
80832	Tridacna maxima	other_mollusca	Bivalvia	GenBank	GCA_045685785.1	Chromosome		0		142146	1322576068
81899	Pseudocardium sachalinense	other_mollusca	Bivalvia	GenBank	GCA_056956995.1	Chromosome		0		30750029	864734751
84402	Sepietta obscura	other_mollusca	Cephalopoda	GenBank	GCA_965124075.1	Chromosome		0		618317	4547004607
87964	Patella rustica	other_mollusca	Patellogastropoda	GenBank	GCA_965111895.1	Chromosome		0		8519583	719386390
94722	Cerastoderma glaucum	other_mollusca	Bivalvia	GenBank	GCA_964341395.1	Chromosome		0		844920	1003242564
98288	Sphaerium corneum	other_mollusca	Bivalvia	GenBank	GCA_965230695.1	Chromosome		0		1472648	3625506042
102321	Hyotissa hyotis	other_mollusca	Bivalvia	GenBank	GCA_051557925.1	Chromosome		0		801138	1643229474
102329	Pinctada margaritifera	other_mollusca	Bivalvia	GenBank	GCA_977064395.2	Chromosome		0		1606680	1129698345
102876	Eledone cirrhosa	other_mollusca	Cephalopoda	GenBank	GCA_964016885.1	Chromosome		0		818412	2995825281
104385	Ruditapes decussatus	other_mollusca	Bivalvia	GenBank	GCA_977926895.1	Chromosome		0		1729466	1398147054
104660	Pinctada maxima	other_mollusca	Bivalvia	GenBank	GCA_050580605.1	Chromosome		0		649306	1264926820
109174	Haliotis asinina	other_mollusca	Vetigastropoda	RefSeq	GCF_037392515.1	Chromosome	Full annotation	26848		38260015	1143434573
109628	Illex coindetii	other_mollusca	Cephalopoda	GenBank	GCA_977009265.1	Chromosome		0		7048351	3990732263
112209	Pinctada radiata	other_mollusca	Bivalvia	GenBank	GCA_964261305.2	Chromosome		0		8065000	930972745
113549	Pteria penguin	other_mollusca	Bivalvia	GenBank	GCA_035048485.1	Chromosome		0		5032149	838713081
114453	Bathymodiolus heckerae	other_mollusca	Bivalvia	GenBank	GCA_965117275.1	Chromosome		0		504637	1551524815
117992	Conus ventricosus	other_mollusca	Caenogastropoda	GenBank	GCA_018398815.2	Chromosome		0		114326	3591590809
120439	Limaria hians	other_mollusca	Bivalvia	GenBank	GCA_965230825.1	Chromosome		0		13045000	1121252228
120460	Striarca lactea	other_mollusca	Bivalvia	GenBank	GCA_977012395.1	Chromosome		0		6465682	1765443780
134471	Stramonita haemastoma	other_mollusca	Caenogastropoda	GenBank	GCA_030674155.1	Chromosome		0		200811	2236578135
135721	Corbicula fluminalis	other_mollusca	Bivalvia	GenBank	GCA_048771855.1	Chromosome		0		31110544	1149359062
138984	Chamelea gallina	other_mollusca	Bivalvia	GenBank	GCA_977927505.1	Chromosome		0		99135139	1888514228
141464	Corbicula japonica	other_mollusca	Bivalvia	GenBank	GCA_038501625.2	Chromosome		0		616602	1069813790
157363	Meretrix lamarckii	other_mollusca	Bivalvia	GenBank	GCA_049244375.1	Chromosome		0		46538327	883045730
165599	Solen grandis	other_mollusca	Bivalvia	GenBank	GCA_051362365.1	Chromosome		0		718648	1223914037
179646	Bolinus brandaris	other_mollusca	Caenogastropoda	GenBank	GCA_965120365.1	Chromosome		0		1097130	2487942006
179648	Hexaplex trunculus	other_mollusca	Caenogastropoda	GenBank	GCA_977070975.2	Chromosome		0		24661824	2059466971
200191	Sinotaia quadrata	other_mollusca	Caenogastropoda	GenBank	GCA_028829895.1	Chromosome		0		37213934	984328742
206348	Bathymodiolus brooksi	other_mollusca	Bivalvia	GenBank	GCA_963680875.1	Chromosome		0		2892184	2002726235
216125	Steromphala cineraria	other_mollusca	Vetigastropoda	GenBank	GCA_916613615.1	Chromosome		0		6200493	1270484905
217773	Ovula ovum	other_mollusca	Caenogastropoda	GenBank	GCA_977061905.1	Chromosome		0		2008797	1635329931
220392	Bathymodiolus septemdierum	other_mollusca	Bivalvia	GenBank	GCA_963383655.1	Chromosome		0		2330011	1428147140
220900	Ctenoides ales	other_mollusca	Bivalvia	GenBank	GCA_042257175.1	Chromosome		0		1202487	2237305496
225303	Nipponacmea schrenckii	other_mollusca	Patellogastropoda	GenBank	GCA_030562195.1	Chromosome		0		558043	418103701
241154	Acanthocardia echinata	other_mollusca	Bivalvia	GenBank	GCA_977930445.1	Chromosome		0		4250610	1351164484
241156	Americardia media	other_mollusca	Bivalvia	GenBank	GCA_964300355.1	Chromosome		0		5603043	1299874530
244458	Anodontia alba	other_mollusca	Bivalvia	GenBank	GCA_964016985.1	Chromosome		0		1839011	1862853998
244460	Loripinus fragilis	other_mollusca	Bivalvia	GenBank	GCA_964019695.1	Chromosome		0		3765059	1987459943
244482	Lucinoma borealis	other_mollusca	Bivalvia	GenBank	GCA_982297085.1	Chromosome		0		4586255	4219651467
244486	Phacoides pectinatus	other_mollusca	Bivalvia	GenBank	GCA_965230325.1	Chromosome		0		480354	1423376792
244489	Rugalucina vietnamica	other_mollusca	Bivalvia	GenBank	GCA_056413925.1	Chromosome		0		19177643	1231657823
251531	Ensis siliqua	other_mollusca	Bivalvia	GenBank	GCA_978270025.1	Chromosome		0		1974000	1889295646
291251	Meretrix meretrix	other_mollusca	Bivalvia	GenBank	GCA_978046135.1	Chromosome		0		42715300	835139699
296134	Acanthosepion lycidas	other_mollusca	Cephalopoda	GenBank	GCA_963932145.1	Chromosome		0		1670757	5155670113
311198	Meretrix petechialis	other_mollusca	Bivalvia	GenBank	GCA_046203225.1	Chromosome		0		9125470	1044147259
334708	Patella ulyssiponensis	other_mollusca	Patellogastropoda	GenBank	GCA_963678685.1	Chromosome		0		16753147	693560843
335759	Tricolia pullus	other_mollusca	Vetigastropoda	GenBank	GCA_964273465.1	Chromosome		0		6492662	769492681
335776	Bolma rugosa	other_mollusca	Vetigastropoda	GenBank	GCA_964656265.1	Chromosome		0		18070829	3034723167
351200	Scurria scurra	other_mollusca	Patellogastropoda	GenBank	GCA_044232375.1	Chromosome		0		581035	393493031
387458	Aliger gallus	other_mollusca	Caenogastropoda	GenBank	GCA_978021195.1	Chromosome		0		4086803	1877643533
399303	Abra alba	other_mollusca	Bivalvia	GenBank	GCA_965119695.1	Complete Genome		0		16397	16397
406540	Lucinella divaricata	other_mollusca	Bivalvia	GenBank	GCA_964194035.1	Chromosome		0		3117319	1914457123
410350	Clinocardium nuttallii	other_mollusca	Bivalvia	GenBank	GCA_977929165.1	Chromosome		0		2480468	1359207508
427924	Dreissena rostriformis bugensis	other_mollusca	Bivalvia	GenBank	GCA_055670145.1	Chromosome		0		1391067	1613145916
429176	Glycymeris glycymeris	other_mollusca	Bivalvia	GenBank	GCA_978048415.1	Chromosome		0		14499000	3667539238
429181	Laevicardium crassum	other_mollusca	Bivalvia	GenBank	GCA_964662305.1	Chromosome		0		7549063	1507392325
444096	Nassarius nitidus	other_mollusca	Caenogastropoda	GenBank	GCA_975086585.1	Chromosome		0		2362126	2458585862
453592	Pomacea diffusa	other_mollusca	Caenogastropoda	GenBank	GCA_050626375.1	Chromosome		0		22742251	531446324
457845	Lutraria lutraria	other_mollusca	Bivalvia	GenBank	GCA_964023205.1	Chromosome		0		1075722	815452058
463371	Indoaustriella scarlatoi	other_mollusca	Bivalvia	GenBank	GCA_046867355.1	Chromosome		0		4414248	1580604568
480380	Phymorhynchus buccinoides	other_mollusca	Caenogastropoda	GenBank	GCA_017654935.2	Chromosome		0		224718	2123773519
481892	Neptunea cumingii	other_mollusca	Caenogastropoda	GenBank	GCA_055474155.1	Chromosome		0		6450967	5506255681
483686	Nerita plicata	other_mollusca	Neritimorpha	GenBank	GCA_977112095.1	Chromosome		0		3648574	1179867941
488663	Naticarius hebraeus	other_mollusca	Caenogastropoda	GenBank	GCA_964341215.1	Chromosome		0		4029449	2232907201
488664	Naticarius stercusmuscarum	other_mollusca	Caenogastropoda	GenBank	GCA_965120495.2	Chromosome		0		27474996	2115962307
488666	Neverita josephinia	other_mollusca	Caenogastropoda	GenBank	GCA_964340425.3	Chromosome		0		5574000	1731083505
494601	Epitonium clathrus	other_mollusca	Caenogastropoda	GenBank	GCA_977870945.1	Chromosome		0		339722	1101863264
515817	Amphioctopus fangsiao	other_mollusca	Cephalopoda	GenBank	GCA_051529975.1	Chromosome		0		2312534	4341033427
527796	Cipangopaludina chinensis	other_mollusca	Caenogastropoda	GenBank	GCA_050437285.1	Chromosome		0		7458187	1560258163
561460	Fragum sueziense	other_mollusca	Bivalvia	GenBank	GCA_963680895.1	Chromosome		0		689039	1206121789
584774	Dosinia exoleta	other_mollusca	Bivalvia	GenBank	GCA_977035745.1	Chromosome		0		51077196	1644274073
703305	Steromphala pennanti	other_mollusca	Vetigastropoda	GenBank	GCA_972017475.2	Chromosome		0		19544000	1230639586
881212	Ctena decussata	other_mollusca	Bivalvia	GenBank	GCA_963989385.1	Chromosome		0		4641525	1658050510
881214	Ctena imbricatula	other_mollusca	Bivalvia	GenBank	GCA_965111775.1	Chromosome		0		890627	1957022519
881239	Lucinisca nassula	other_mollusca	Bivalvia	GenBank	GCA_963580285.1	Chromosome		0		1800303	2926454868
881254	Stewartia floridana	other_mollusca	Bivalvia	GenBank	GCA_964194395.1	Chromosome		0		700449	1908891966
926810	Atrina seminuda	other_mollusca	Bivalvia	GenBank	GCA_977927275.1	Chromosome		0		13135000	820503550
928741	Cochlostoma elegans	other_mollusca	Caenogastropoda	GenBank	GCA_965636705.1	Chromosome		0		1092107	1074968247
989235	Modiolus barbatus	other_mollusca	Bivalvia	GenBank	GCA_977971965.1	Chromosome		0		5192939	2192256230
1028561	Gari depressa	other_mollusca	Bivalvia	GenBank	GCA_965649845.1	Chromosome		0		39712000	1966425717
1028565	Arcopagia crassa	other_mollusca	Bivalvia	GenBank	GCA_977017625.1	Chromosome		0		43718000	1959244340
1048598	Ctenoides mitis	other_mollusca	Bivalvia	GenBank	GCA_978015095.1	Chromosome		0		49475702	1422408291
1048606	Talochlamys pusio	other_mollusca	Bivalvia	GenBank	GCA_977012135.2	Chromosome		0		31685418	1126839705
1051067	Doryteuthis pealeii	other_mollusca	Cephalopoda	GenBank	GCA_023376005.1	Chromosome		0		230938	4598001602
1069815	Sinanodonta woodiana	other_mollusca	Bivalvia	GenBank	GCA_046254885.1	Chromosome		44785		4007853	2804107447
1245466	Pomacea maculata	other_mollusca	Caenogastropoda	GenBank	GCA_050626345.1	Chromosome		0		22889041	445128466
1289581	Xenostrobus securis	other_mollusca	Bivalvia	GenBank	GCA_982375365.1	Chromosome		0		3396427	1031460171
1390362	Anadara kagoshimensis	other_mollusca	Bivalvia	GenBank	GCA_021292105.1	Chromosome		0		1935399	1115236308
1411927	Thracia phaseolina	other_mollusca	Bivalvia	GenBank	GCA_964274215.1	Chromosome		0		11776032	793706609
1421129	Kellia suborbicularis	other_mollusca	Bivalvia	GenBank	GCA_977998095.1	Chromosome		0		5558000	811020905
1472349	Alviniconcha strummeri	other_mollusca	Caenogastropoda	GenBank	GCA_963584105.1	Chromosome		0		62280	453801490
1491185	Alviniconcha kojimai	other_mollusca	Caenogastropoda	GenBank	GCA_977066575.1	Chromosome		0		68151	424696059
1526741	Xylophaga dorsalis	other_mollusca	Bivalvia	GenBank	GCA_965225065.2	Chromosome		0		1253263	451794626
1527468	Magallana gigas x Magallana angulata	other_mollusca	Bivalvia	GenBank	GCA_051201775.1	Chromosome		0		2556815	1230392071
1676568	Parvicardium scabrum	other_mollusca	Bivalvia	GenBank	GCA_977066215.1	Chromosome		0		2870191	972009762
1899378	Clathrolucina costata	other_mollusca	Bivalvia	GenBank	GCA_965112175.1	Chromosome		0		1177367	1875844969
1903275	Macoma balthica	other_mollusca	Bivalvia	GenBank	GCA_965119735.1	Complete Genome		0		17788	17788
1920007	Donax variegatus	other_mollusca	Bivalvia	GenBank	GCA_964468855.2	Chromosome		0		39597000	1635777011
1920014	Mysia undata	other_mollusca	Bivalvia	GenBank	GCA_964106805.1	Chromosome		0		1923934	1613701415
1954227	Arcuatula senhousia	other_mollusca	Bivalvia	GenBank	GCA_963971305.1	Chromosome		0		2134782	1036819019
1980407	Macomangulus tenuis	other_mollusca	Bivalvia	GenBank	GCA_964059415.1	Chromosome		0		10971308	1906560001
2010383	Bolma henica	other_mollusca	Vetigastropoda	GenBank	GCA_982529885.1	Chromosome		0		3381697	3342486563
2049241	Bathyacmaea lactea	other_mollusca	Patellogastropoda	GenBank	GCA_053477725.1	Chromosome		0		577066	767484084
2053936	Stigmatoteuthis arcturi	other_mollusca	Cephalopoda	GenBank	GCA_964276865.2	Chromosome		0		10980000	3249387216
2126142	Testudinalia testudinalis	other_mollusca	Patellogastropoda	GenBank	GCA_977013425.1	Chromosome		0		8775000	495176862
2302425	Mactra antiquata	other_mollusca	Bivalvia	GenBank	GCA_047288015.1	Chromosome		24436		8652042	791834592
2302672	Eumandya parva	other_mollusca	Cephalopoda	GenBank	GCA_964059275.1	Chromosome		0		1364429	4425887515
2589387	Fabulina fabula	other_mollusca	Bivalvia	GenBank	GCA_977014855.1	Chromosome		0		4821516	1975080867
2602933	Magallana nippona	other_mollusca	Bivalvia	GenBank	GCA_033439105.1	Chromosome		0		2745000	528986028
2665993	Gigantidas haimaensis	other_mollusca	Bivalvia	GenBank	GCA_054130545.1	Chromosome		0		2764839	1921510242
2708134	Pomacea occulta	other_mollusca	Caenogastropoda	GenBank	GCA_056746905.1	Chromosome		0		12600255	441504355
2709805	Rochia nilotica	other_mollusca	Vetigastropoda	GenBank	GCA_978019575.1	Chromosome		0		15596904	1394742580
2718470	Meretrix taiwanica	other_mollusca	Bivalvia	GenBank	GCA_049244365.1	Chromosome		0		48788946	944717758
2722873	Bithynia leachii	other_mollusca	Caenogastropoda	GenBank	GCA_977064325.1	Chromosome		0		119917	812808802
2724334	Saccostrea mordoides	other_mollusca	Bivalvia	GenBank	GCA_977871665.1	Chromosome		0		4336661	710401649
2731840	Gibbosula rochechouartii	other_mollusca	Bivalvia	GenBank	GCA_054850785.1	Chromosome		0		149331216	2985579439
2750724	Conus canariensis	other_mollusca	Caenogastropoda	GenBank	GCA_033310375.1	Chromosome		0		641429	2867906435
2793148	Heteranomia squamula	other_mollusca	Bivalvia	GenBank	GCA_964263325.1	Chromosome		0		10165414	738610251
2892552	Ctena cf. galapagana NHMUK 20210086	other_mollusca	Bivalvia	GenBank	GCA_974392585.1	Chromosome		0		6021660	1808744534
2922058	Azorinus chamasolen	other_mollusca	Bivalvia	GenBank	GCA_963576725.1	Chromosome		0		1658885	1723475634
2962468	Monoplex corrugatus	other_mollusca	Caenogastropoda	GenBank	GCA_030674185.1	Chromosome		0		2646000	3075538138
3027864	Catillopecten margaritatus	other_mollusca	Bivalvia	GenBank	GCA_055258895.1	Chromosome		0		1233391	1112158965
3038095	Thermocollonia jamsteci	other_mollusca	Vetigastropoda	GenBank	GCA_049901935.1	Chromosome		0		1060108	2538867783
3051952	Gigantidas childressi	other_mollusca	Bivalvia	GenBank	GCA_965235005.1	Chromosome		0		346121	1684441835
3074273	Donax semistriatus	other_mollusca	Bivalvia	GenBank	GCA_965239255.1	Chromosome		0		17138325	1383473781
3091327	Thylacodes arenarius	other_mollusca	Caenogastropoda	GenBank	GCA_973495645.1	Chromosome		0		1284536	2944007323
3119528	Enteroxenos oestergreni	other_mollusca	Caenogastropoda	GenBank	GCA_976914345.1	Chromosome		0		1532663	1121129076
3139943	Anomalocardia flexuosa	other_mollusca	Bivalvia	GenBank	GCA_047831285.1	Chromosome		0		4555400	1090751803
3161550	Verpa penis	other_mollusca	Bivalvia	GenBank	GCA_048126915.1	Chromosome		0		5325940	506380282
3163778	Abra segmentum	other_mollusca	Bivalvia	GenBank	GCA_965244925.1	Chromosome		0		10647745	1704601582
3167535	Acharax haimaensis	other_mollusca	Bivalvia	GenBank	GCA_054136115.1	Chromosome		0		10527898	4272512286
3186388	Enigmonia aenigmatica	other_mollusca	Bivalvia	GenBank	GCA_056601665.1	Chromosome		0		42118662	465968615
3190879	Globivenus rigida	other_mollusca	Bivalvia	GenBank	GCA_982557745.1	Chromosome		0		26367000	1800665150
3198454	Lima caribaea	other_mollusca	Bivalvia	GenBank	GCA_977909015.1	Chromosome		0		17215279	1636169571
3199284	Lotoria lotoria	other_mollusca	Caenogastropoda	GenBank	GCA_977112875.1	Chromosome		0		1553312	2996845438
3237505	Sinosolenaia oleivora	other_mollusca	Bivalvia	GenBank	GCA_039955035.1	Chromosome		0		18762744	2052292795
3410903	Meretrix sp. MF1	other_mollusca	Bivalvia	GenBank	GCA_049244355.1	Chromosome		0		46874007	883279379
36121	Nephtys hombergii	outgroup_annelida	Annelida	GenBank	GCA_965118265.1	Complete Genome		0		16496	16496
41793	Lanice conchilega	outgroup_annelida	Annelida	GenBank	GCA_965119625.1	Complete Genome		0		15771	15771
397560	Nephtys longosetosa	outgroup_annelida	Annelida	GenBank	GCA_965118275.1	Complete Genome		0		17223	17223
3273461	Discradisca antillarum	outgroup_brachiopoda	Brachiopoda	GenBank	GCA_057556925.1	Chromosome		0		22084241	298231666
192920	Bugulina stolonifera	outgroup_bryozoa	Bryozoa	GenBank	GCA_935421135.1	Chromosome		0		12561000	234968257
544679	Schizoporella errata	outgroup_bryozoa	Bryozoa	GenBank	GCA_980783175.1	Chromosome		0		3436012	332651546
2589381	Schizoporella japonica	outgroup_bryozoa	Bryozoa	GenBank	GCA_965278275.1	Chromosome		0		2316862	255532186
307678	Tetrastemma melanocephalum	outgroup_nemertea	Nemertea	GenBank	GCA_977011905.1	Chromosome		0		1554285	521620361
672921	Tubulanus polymorphus	outgroup_nemertea	Nemertea	RefSeq	GCF_964204645.1	Chromosome	Full annotation	15035		9529141	267806677
941274	Leucocephalonemertes aurantiaca	outgroup_nemertea	Nemertea	GenBank	GCA_977061895.1	Chromosome		0		2047063	1012636679
6189	Schistosoma spindalis	outgroup_platyhelminthes	Platyhelminthes	GenBank	GCA_946903255.1	Chromosome		9330		3920158	390075707
38744	Schistosoma mekongi	outgroup_platyhelminthes	Platyhelminthes	GenBank	GCA_034768735.1	Chromosome		9094		1168079	404245338
50054	Schmidtea polychroa	outgroup_platyhelminthes	Platyhelminthes	GenBank	GCA_044892525.1	Chromosome		0		8459515	781270316
6655	Cryptochiton stelleri	rare_basal	Polyplacophora	GenBank	GCA_031471745.1	Scaffold		0		3056	783734439
34587	Katharina tunicata	rare_basal	Polyplacophora	GenBank	GCA_032466195.1	Scaffold		0		5405	684265396
52918	Antalis vulgaris	rare_basal	Scaphopoda	GenBank	GCA_977070855.1	Chromosome		0		673000	4073218234
55704	Acanthochitona fascicularis	rare_basal	Polyplacophora	GenBank	GCA_965278365.1	Chromosome		0		7997289	1702298342
167016	Acanthopleura gemmata	rare_basal	Polyplacophora	GenBank	GCA_977063515.1	Chromosome		0		32847218	719716592
203155	Fustiaria rubescens	rare_basal	Scaphopoda	GenBank	GCA_048127375.1	Contig		0		760232	2577739986
256056	Lepidochitona cinerea	rare_basal	Polyplacophora	GenBank	GCA_963971465.1	Chromosome		0		8732403	705712942
256058	Tonicella lineata	rare_basal	Polyplacophora	GenBank	GCA_034781015.1	Scaffold		0		2841	920468757
256063	Ischnochiton rissoi	rare_basal	Polyplacophora	GenBank	GCA_965250495.2	Chromosome		0		21887000	1496883596
256104	Mopalia muscosa	rare_basal	Polyplacophora	GenBank	GCA_031763545.1	Scaffold		0		6693	661939908
256108	Chiton olivaceus	rare_basal	Polyplacophora	GenBank	GCA_964264625.4	Chromosome		0		11619751	1430682616
256131	Chaetoderma nitidulum	rare_basal	Caudofoveata	GenBank	GCA_048127305.1	Contig		0		684374	3970177988
256138	Callochiton septemvalvis	rare_basal	Polyplacophora	GenBank	GCA_047826735.1	Chromosome		0		608062	1231324671
413423	Mopalia ciliata	rare_basal	Polyplacophora	GenBank	GCA_034783835.1	Scaffold		0		5022	661851316
413425	Mopalia kennerleyi	rare_basal	Polyplacophora	GenBank	GCA_034783855.1	Scaffold		0		4396	743018383
761904	Acanthochitona rubrolineata	rare_basal	Polyplacophora	GenBank	GCA_045838495.1	Chromosome		0		24272969	1076259922
1138471	Boreochiton ruber	rare_basal	Polyplacophora	GenBank	GCA_048127235.1	Contig		0		4028624	1660703474
2053990	Veleropilina oligotropha	rare_basal	Monoplacophora	GenBank	GCA_048128005.1	Contig		0		252221	1401304827
2732485	Hanleya hanleyi	rare_basal	Polyplacophora	GenBank	GCA_036873755.1	Scaffold		0		64677	2516606652
2991678	Lepidozona retiporosa	rare_basal	Polyplacophora	GenBank	GCA_032360285.1	Scaffold		0		2234	502844018
2996714	Pictodentalium vernedei	rare_basal	Scaphopoda	GenBank	GCA_031216915.1	Chromosome		0		1809125	6018017311
3019061	Siphonodentalium dalli	rare_basal	Scaphopoda	GenBank	GCA_032622095.1	Chromosome		0		2241040	2226750531
3054875	Acanthochitona discrepans	rare_basal	Polyplacophora	GenBank	GCA_048544545.1	Chromosome		0		3476547	1172942069
3077178	Chaetoderma sp. LZ-2023a	rare_basal	Caudofoveata	GenBank	GCA_034401795.1	Chromosome		0		785488	2448388764
3154051	Deshayesiella sirenkoi	rare_basal	Polyplacophora	GenBank	GCA_045838535.1	Chromosome		0		5045175	1535551138
3198878	Liolophura sinensis	rare_basal	Polyplacophora	RefSeq	GCF_032854445.1	Chromosome	Updated annotation	17422		764463	609495693
3401147	Veleropilina sp. TBG_4354	rare_basal	Monoplacophora	GenBank	GCA_048537385.1	Contig		0		57862	1567889638
